AminoAcid	CODON	GROUP
A	GCA	SELECTED
A	GCC	SELECTED
A	GCG	SELECTED
A	GCT	SELECTED
C	TGC	NEUTRAL
C	TGT	NEUTRAL
D	GAC	SELECTED
D	GAT	SELECTED
E	GAA	NEUTRAL
E	GAG	NEUTRAL
F	TTC	NEUTRAL
F	TTT	NEUTRAL
G	GGA	SELECTED
G	GGC	SELECTED
G	GGG	SELECTED
G	GGT	SELECTED
H	CAC	NEUTRAL
H	CAT	NEUTRAL
I	ATA	NEUTRAL
I	ATC	NEUTRAL
I	ATT	NEUTRAL
K	AAA	NEUTRAL
K	AAG	NEUTRAL
L	CTA	NEUTRAL
L	CTC	NEUTRAL
L	CTG	NEUTRAL
L	CTT	NEUTRAL
L	TTA	NEUTRAL
L	TTG	NEUTRAL
N	AAC	NEUTRAL
N	AAT	NEUTRAL
P	CCA	SELECTED
P	CCC	SELECTED
P	CCG	SELECTED
P	CCT	SELECTED
Q	CAA	NEUTRAL
Q	CAG	NEUTRAL
R	AGA	NEUTRAL
R	AGG	NEUTRAL
R	CGA	NEUTRAL
R	CGC	NEUTRAL
R	CGG	NEUTRAL
R	CGT	NEUTRAL
S	AGC	SELECTED
S	AGT	SELECTED
S	TCA	SELECTED
S	TCC	SELECTED
S	TCG	SELECTED
S	TCT	SELECTED
T	ACA	SELECTED
T	ACC	SELECTED
T	ACG	SELECTED
T	ACT	SELECTED
V	GTA	SELECTED
V	GTC	SELECTED
V	GTG	SELECTED
V	GTT	SELECTED
Y	TAC	NEUTRAL
Y	TAT	NEUTRAL